{
    "version": "A",
    "assayType": "89",
    "assaySubType": "01",
    "assayName": "Covid + HIV-1 Blood Qual",
    "lotNumber": "1234",
    "sampleId": "S8427",
    "patientId": "P02446782",
    "patientFirstName": "John",
    "patientLastName": "Smith",
    "patientAge": "23",
    "patientDoB": "1975-07-24",
    "patientSex": "M",
    "hospitalId": "38807462",
    "nhsNumber": "1234567890",
    "patientLocation": "Ward 10",
    "collectedTime": "2018-09-23 14:50",
    "receivedTime": "2018-09-24 08:10",
    "comment1": "Blah blah blah",
    "comment2": "",
    "startTime": "2018-09-24 09:13",
    "endTime": "2018-09-24 11:09",
    "testPurpose": "1",
    "deviceError": "",
    "clinicId": "Clinic Beta",
    "site": "Test Site Alpha",
    "operatorId": "Smith",
    "moduleSerialNumber": "89674523",
    "result": [
      {
        "control": {
          "result": "Positive",
          "ct": 24
        },
        "targetResults": [
          {
            "name": "FluA",
            "result": "Positive",
            "ct": 25
          },
          {
            "name": "FluB",
            "result": "Negative",
            "ct": 0.23
          },
          {
            "name": "RSV",
            "result": "Negative",
            "ct": 0.47
          }
        ]
      },
      {
        "control": {
          "result": "Positive",
          "ct": 22
        },
        "targetResults": [
          {
            "name": "HIV-1",
            "result": "Negative",
            "ct": 0.85
          }
        ]
      }
    ],
    "curve_data_1": "0.123,0.1241,0.32121,0.2132141,0.21321",
    "curve_data_2": "0.123,0.1241,0.32121,0.2132141,0.213213"
  }