{
    "site": "Test Site Alpha",
    "testStartTimestamp": "2018-09-24 09:13",
    "testCompleteTimestamp": "2018-09-24 11:09",
    "clinicId": "Clinic Beta",
    "operatorId": "Smith",
    "moduleSerialNumber": "1098",
    "patientId": "P02446782",
    "patientLocation": "Ward 10",
    "firstName": "John",
    "lastName": "Smith",
    "hospitalId": "38807462",
    "nhsNumber": "1234567890",
    "dob": "1975-07-24",
    "patientAge": "23",
    "patientSex": "M",
    "sampleId": "S8427",
    "sampleCollected": "2018-09-23 14:50",
    "sampleReceived": "2018-09-24 08:10",
    "product": "Multiplex",
    "result": "SARS-CoV-2: 1Negative, RSV: 2Positive",
    "testPurpose": "1",
    "lotNumber": "",
    "sender": "",
    "version": "",
    "sequenceNumber": "",
    "trackingCode": "",
    "abortErrorCode": "",
    "assayStepNumber": "",
    "reserve1": "",
    "reserve2": "",
    "cameraReading": "",
    "curve_data_1": "0.123,0.1241,0.32121,0.2132141,0.21321",
    "curve_data_2": "0.123,0.1241,0.32121,0.2132141,0.213213",
    "curve_index": "123567",
    "flags": ""
  }