{
    "clinicId": "-",
    "dob": "-",
    "firstName": "-",
    "hospitalId": "-",
    "lastName": "-",
    "moduleSerialNumber": "873",
    "nhsNumber": "-",
    "operatorId": "S3-0565",
    "patientAge": "-",
    "patientId": "2589007 RSV B 300 CM",
    "patientSex": "-",
    "product": "SCoV-2/Flu/RSV",
    "result": "SARS-CoV-2:  Negative, RSV:  Positive, FluB:  Negative, FluA:  Negative",
    "sampleId": "S4-0873",
    "sender": "44",
    "sequenceNumber": "00150",
    "site": "-",
    "testCompleteTimestamp": "2025-03-04 18:01",
    "testPurpose": "2",
    "timestamp": "2025-03-04 15:27",
    "trackingCode": "8900000014",
    "version": "D"
}